date,rain_mm,source,lon_min,lon_max,lat_min,lat_max,rainy_day,p75_day,p90_day,p95_day,pre3_rain_sum,pre3_rainy_days,pre7_rain_sum,pre7_rainy_days,pre15_rain_sum,pre15_rainy_days,pre30_rain_sum,pre30_rainy_days,pre45_rain_sum,pre45_rainy_days,pre60_rain_sum,pre60_rainy_days,pre30_p75_days,pre30_p90_days,pre30_p95_days,pre60_p75_days,pre60_p90_days,pre60_p95_days,max_roll7_before,max_roll15_before,max_roll30_before,post3_rain_sum,post7_rain_sum,post15_rain_sum,post30_rain_sum,event_selection_score,spell_start,spell_end,spell_days,spell_rain_sum,spell_peak_rain,event_id,response_nodes_3d,trigger_probability_3d,cp_records_3d,response_nodes_7d,trigger_probability_7d,cp_records_7d,response_nodes_15d,trigger_probability_15d,cp_records_15d,trigger_probability,response_nodes_max,dominant_response_window,is_response_event_3d,is_response_event_7d,is_response_event_15d,is_response_event,first_response_lag_days,delayed_response_event,antecedent_wetness_index,wetness_level,response_level,rain_level,event_class
2015-04-21,12.624140739440918,CHIRPS-2.0-global-daily-tif-p05-crop,98.66454315185548,99.18871307373048,30.327224731445312,30.84276580810547,1,1,1,0,3.164415121078491,1.0,3.4036593288183212,1.0,13.439782306551933,3.0,25.169409066438675,8.0,27.963572662323713,8.0,29.79500064626336,8.0,0.0,0.0,0.0,0.0,0.0,0.0,10.581615328788757,18.42833612859249,25.169409066438675,0.0,7.9205261170864105,7.9205261170864105,72.96513053774834,0.778855486964612,2015-04-14,2015-04-28,15,23.94832618534565,12.624140739440918,E001,188,0.1439509954058193,208,188,0.1439509954058193,208,188,0.1439509954058193,208,0.1439509954058193,188,3,True,True,True,True,3,False,0.0,W0_dry,R2_moderate,P90_heavy,moderate_trigger
2015-05-09,7.424829959869385,CHIRPS-2.0-global-daily-tif-p05-crop,98.66454315185548,99.18871307373048,30.327224731445312,30.84276580810547,1,1,0,0,1.1883736848831177,1.0,1.1883736848831177,1.0,9.108899801969528,3.0,30.25225980579853,6.0,44.454559326171875,11.0,49.69661320373416,12.0,1.0,1.0,0.0,1.0,1.0,0.0,21.300746202468872,24.560413643717766,41.13265109062195,21.56463599205017,38.290844440460205,56.431400775909424,68.29625082015991,0.45808025063887353,2015-05-07,2015-05-16,10,46.90404808521271,16.916837692260742,E002,0,0.0,0,0,0.0,0,0,0.0,0,0.0,0,3,False,False,False,False,0,False,0.0,W0_dry,R0_below_event_threshold,P75_moderate,weak_or_no_response
2015-05-17,18.14055633544922,CHIRPS-2.0-global-daily-tif-p05-crop,98.66454315185548,99.18871307373048,30.327224731445312,30.84276580810547,1,1,1,1,16.726208448410034,3.0,38.290844440460205,6.0,46.90404808521271,8.0,70.61313006281853,12.0,85.44429159164429,16.0,93.65100583434105,19.0,4.0,2.0,1.0,4.0,2.0,1.0,38.290844440460205,46.90404808521271,70.61313006281853,0.0,0.0,0.0,17.1897891163826,1.1191947341265938,2015-05-10,2015-05-17,8,56.431400775909424,18.14055633544922,E003,0,0.0,0,0,0.0,0,0,0.0,0,0.0,0,3,False,False,False,False,0,False,0.1624994396988854,W0_dry,R0_below_event_threshold,P95_extreme,weak_or_no_response
2015-06-06,11.864850044250488,CHIRPS-2.0-global-daily-tif-p05-crop,98.66454315185548,99.18871307373048,30.327224731445312,30.84276580810547,1,1,0,0,0.0,0.0,0.0,0.0,0.0,0.0,65.04460442066193,9.0,72.96513053774834,11.0,94.84017314016819,14.0,4.0,2.0,2.0,5.0,3.0,2.0,54.974268674850464,65.04460442066193,88.75368639826775,0.0,5.324939072132111,19.965347826480865,128.84520441293716,0.7320104987506711,2015-06-06,2015-06-13,8,17.1897891163826,11.864850044250488,E004,0,0.0,0,0,0.0,0,292,0.22358346094946402,388,0.22358346094946402,292,15,False,False,True,True,15,True,0.10665353925165255,W0_dry,R2_moderate,P75_moderate,delayed_trigger
2015-06-25,25.376739501953125,CHIRPS-2.0-global-daily-tif-p05-crop,98.66454315185548,99.18871307373048,30.327224731445312,30.84276580810547,1,1,1,1,5.300495624542236,1.0,19.94090437889099,3.0,25.265843451023102,5.0,37.13069349527359,6.0,92.10496217012405,12.0,110.09582403302193,17.0,2.0,0.0,0.0,6.0,2.0,2.0,19.94090437889099,51.783602476119995,75.7210807800293,10.858915328979492,60.14036750793457,82.03875017166138,138.66471767425537,1.5656362845051048,2015-06-18,2015-07-02,15,105.45801138877869,25.376739501953125,E005,0,0.0,0,0,0.0,0,0,0.0,0,0.0,0,3,False,False,False,False,0,False,0.056383565483024166,W0_dry,R0_below_event_threshold,P95_extreme,weak_or_no_response
2015-07-03,18.062253952026367,CHIRPS-2.0-global-daily-tif-p05-crop,98.66454315185548,99.18871307373048,30.327224731445312,30.84276580810547,1,1,1,1,34.03605270385742,3.0,60.14036750793457,6.0,105.45801138877869,10.0,122.64780050516129,13.0,122.64780050516129,13.0,187.6924049258232,22.0,5.0,3.0,2.0,9.0,5.0,4.0,79.61129665374756,105.45801138877869,122.64780050516129,0.0,3.83612871170044,49.19393754005433,81.96214640140535,1.3145562694734125,2015-06-26,2015-07-08,13,82.03875017166138,22.675390243530277,E006,0,0.0,0,0,0.0,0,0,0.0,0,0.0,0,3,False,False,False,False,0,False,0.6965384599407071,W1_moderate,R0_below_event_threshold,P95_extreme,weak_or_no_response
2015-07-13,21.66771697998047,CHIRPS-2.0-global-daily-tif-p05-crop,98.66454315185548,99.18871307373048,30.327224731445312,30.84276580810547,1,1,1,1,12.294437170028688,2.0,16.13056588172913,3.0,89.48184657096863,9.0,140.2538588643074,14.0,156.84062033891678,17.0,191.70738512277603,21.0,6.0,4.0,3.0,9.0,5.0,4.0,79.61129665374756,120.00325059890747,140.71005445718765,11.395654678344728,20.542656898498535,22.663813352584842,86.34888815879822,1.6491180675462147,2015-07-08,2015-07-20,13,58.34093976020813,21.66771697998047,E007,0,0.0,0,0,0.0,0,0,0.0,0,0.0,0,3,False,False,False,False,0,False,0.720826421272376,W1_moderate,R0_below_event_threshold,P95_extreme,weak_or_no_response
2015-07-21,2.121156454086304,CHIRPS-2.0-global-daily-tif-p05-crop,98.66454315185548,99.18871307373048,30.327224731445312,30.84276580810547,1,0,0,0,9.147002220153809,1.0,20.542656898498535,2.0,58.34093976020813,6.0,167.22079634666443,15.0,199.05099421739578,20.0,199.05099421739578,20.0,8.0,5.0,4.0,10.0,5.0,4.0,79.61129665374756,120.00325059890747,172.71420288085938,0.0,0.0,36.557190895080566,151.84890937805176,0.6194704061333656,2015-07-14,2015-07-21,8,22.66381335258484,11.395654678344728,E008,0,0.0,0,0,0.0,0,0,0.0,0,0.0,0,3,False,False,False,False,0,False,0.7464232270790921,W1_moderate,R0_below_event_threshold,below_P75_wet_background,weak_or_no_response
2015-07-29,3.3754680156707764,CHIRPS-2.0-global-daily-tif-p05-crop,98.66454315185548,99.18871307373048,30.327224731445312,30.84276580810547,1,0,0,0,0.0,0.0,0.0,0.0,22.663813352584842,3.0,127.8058023452759,12.0,183.9823615550995,18.0,201.1721506714821,21.0,7.0,4.0,3.0,10.0,5.0,4.0,79.61129665374756,120.00325059890747,172.71420288085938,14.503554463386536,33.18172287940979,60.3096067905426,200.7806056290865,0.4882702816818236,2015-07-29,2015-08-05,8,36.557190895080566,10.004392623901367,E009,0,0.0,0,0,0.0,0,0,0.0,0,0.0,0,3,False,False,False,False,0,False,0.5560663233613224,W1_moderate,R0_below_event_threshold,below_P75_wet_background,weak_or_no_response
2015-08-06,27.12788391113281,CHIRPS-2.0-global-daily-tif-p05-crop,98.66454315185548,99.18871307373048,30.327224731445312,30.84276580810547,1,1,1,1,15.057140707969666,3.0,33.18172287940979,6.0,36.557190895080566,7.0,97.01928710937501,14.0,205.8991436958313,23.0,225.86449152231216,27.0,6.0,1.0,1.0,11.0,5.0,4.0,49.19393754005433,112.71598529815674,172.71420288085938,0.0,0.0,89.25783121585846,182.19336761534214,1.8787256752498764,2015-07-30,2015-08-06,8,60.3096067905426,27.12788391113281,E010,0,0.0,0,0,0.0,0,82,0.06278713629402756,129,0.06278713629402756,82,15,False,False,False,False,0,False,0.5574606780057986,W1_moderate,R0_below_event_threshold,P95_extreme,weak_or_no_response
2015-08-18,22.251014709472656,CHIRPS-2.0-global-daily-tif-p05-crop,98.66454315185548,99.18871307373048,30.327224731445312,30.84276580810547,1,1,1,1,44.74690818786621,3.0,46.33797359466553,4.0,88.522998213768,8.0,121.29120707511902,14.0,170.48514461517334,19.0,290.4883952140808,29.0,7.0,2.0,2.0,15.0,7.0,6.0,50.305214166641235,88.522998213768,169.34195280075073,20.668842911720276,36.78036983311176,96.92287231981754,169.6896101385355,1.9580322980057838,2015-08-14,2015-08-24,11,105.36935813724995,26.645830154418945,E011,82,0.06278713629402756,129,82,0.06278713629402756,129,82,0.06278713629402756,129,0.06278713629402756,82,3,False,False,False,False,0,False,0.8873886530245085,W1_moderate,R0_below_event_threshold,P95_extreme,weak_or_no_response
2015-08-28,16.69036102294922,CHIRPS-2.0-global-daily-tif-p05-crop,98.66454315185548,99.18871307373048,30.327224731445312,30.84276580810547,1,1,1,1,18.411279678344727,1.0,35.616803243756294,4.0,123.78063781559467,10.0,187.46571262180805,18.0,210.1295259743929,21.0,315.27151496708393,30.0,10.0,6.0,5.0,17.0,10.0,8.0,88.16383457183838,123.78063781559467,187.46571262180805,8.86042708158493,31.59591156244278,75.66654521226883,108.56344068050385,2.073389098692216,2015-08-21,2015-09-04,15,83.90307582914829,18.411279678344727,E012,0,0.0,0,0,0.0,0,0,0.0,0,0.0,0,3,False,False,False,False,0,False,1.279090064539991,W3_very_wet,R0_below_event_threshold,P95_extreme,weak_or_no_response
2015-09-05,10.126457214355469,CHIRPS-2.0-global-daily-tif-p05-crop,98.66454315185548,99.18871307373048,30.327224731445312,30.84276580810547,1,1,0,0,17.072112917900085,3.0,31.59591156244278,5.0,83.90307582914829,10.0,199.19479431211948,17.0,235.75198520720005,24.0,296.2140814214945,31.0,11.0,7.0,6.0,17.0,8.0,7.0,88.16383457183838,140.4709988385439,200.7806056290865,7.645413398742676,33.94417643547058,61.39671230316162,68.27948564291,1.6601383644075178,2015-08-30,2015-09-12,14,75.66654521226883,11.916955947875977,E013,0,0.0,0,0,0.0,0,0,0.0,0,0.0,0,3,False,False,False,False,0,False,1.129115598268584,W2_wet,R0_below_event_threshold,P75_moderate,weak_or_no_response
2015-09-16,13.455171585083008,CHIRPS-2.0-global-daily-tif-p05-crop,98.66454315185548,99.18871307373048,30.327224731445312,30.84276580810547,1,1,1,0,8.685882806777954,3.0,34.98464584350586,6.0,75.49200093746185,13.0,185.66882194578648,22.0,270.62947918474674,30.0,299.77666033804417,35.0,11.0,5.0,4.0,17.0,7.0,6.0,88.16383457183838,140.4709988385439,217.1849624067545,5.311481475830078,5.805830180644989,12.19425481557846,19.311031512916088,1.8047493829003804,2015-09-09,2015-09-23,15,54.245647609233856,13.455171585083008,E014,0,0.0,0,0,0.0,0,0,0.0,0,0.0,0,3,False,False,False,False,0,False,1.0766499744509426,W2_wet,R0_below_event_threshold,P90_heavy,weak_or_no_response
2015-09-25,3.221391439437866,CHIRPS-2.0-global-daily-tif-p05-crop,98.66454315185548,99.18871307373048,30.327224731445312,30.84276580810547,1,0,0,0,2.2229681611061096,1.0,7.534449636936188,2.0,52.82965689897537,8.0,140.44368994235992,19.0,245.81304807960987,28.0,309.49812288582325,36.0,8.0,3.0,2.0,17.0,8.0,6.0,55.53500556945801,140.4709988385439,217.1849624067545,0.0,1.4384137392044067,1.5371462032198906,16.00167929381132,0.9618619521131433,2015-09-18,2015-10-01,14,12.19425481557846,5.311481475830078,E015,0,0.0,0,0,0.0,0,0,0.0,0,0.0,0,3,False,False,False,False,0,False,0.9494642397383333,W2_wet,R0_below_event_threshold,below_P75_wet_background,weak_or_no_response
2015-10-11,4.362096786499023,CHIRPS-2.0-global-daily-tif-p05-crop,98.66454315185548,99.18871307373048,30.327224731445312,30.84276580810547,1,0,0,0,0.0987324640154838,0.0,0.0987324640154838,0.0,1.5371462032198906,1.0,57.58819454163313,10.0,126.79094790667295,20.0,250.57158572226763,30.0,3.0,1.0,0.0,14.0,7.0,5.0,45.295207262039185,83.2838009595871,217.1849624067545,0.0,4.920658349990845,10.102436304092407,16.411149399355054,0.5275598390150732,2015-10-10,2015-10-17,8,9.381487600505352,4.362096786499023,E016,0,0.0,0,0,0.0,0,65,0.04977029096477795,101,0.04977029096477795,65,15,False,False,False,False,0,False,0.5725152827432116,W1_moderate,R0_below_event_threshold,below_P75_wet_background,weak_or_no_response
2016-04-08,8.582680702209473,CHIRPS-2.0-global-daily-tif-p05-crop,98.66454315185548,99.18871307373048,30.327224731445312,30.84276580810547,1,1,0,0,9.037183165550232,2.0,20.677335560321808,5.0,24.886563330888748,7.0,32.74790094047785,10.0,35.20708257704973,11.0,37.271245915442705,12.0,0.0,0.0,0.0,0.0,0.0,0.0,20.677335560321808,24.886563330888748,32.74790094047785,2.8915695548057556,8.83362078666687,32.17365837097168,64.72995960898697,0.5295146890193161,2016-04-01,2016-04-15,15,38.09363704919815,8.582680702209473,E017,0,0.0,0,0,0.0,0,31,0.023736600306278714,38,0.023736600306278714,31,15,False,False,False,False,0,False,0.020924109840821135,W0_dry,R0_below_event_threshold,P75_moderate,weak_or_no_response
2016-04-21,6.948175430297852,CHIRPS-2.0-global-daily-tif-p05-crop,98.66454315185548,99.18871307373048,30.327224731445312,30.84276580810547,1,1,0,0,4.3596789836883545,2.0,12.619305849075317,4.0,32.532068610191345,9.0,55.271810457110405,16.0,62.35829306393862,19.0,64.74868708103895,20.0,2.0,0.0,0.0,2.0,0.0,0.0,29.00709617137909,44.27712881565094,55.271810457110405,7.861698865890503,16.1976637840271,37.137169601395726,77.8354493547231,0.42867270493689447,2016-04-15,2016-04-28,14,35.76514506340027,6.948175430297852,E018,0,0.0,0,0,0.0,0,0,0.0,0,0.0,0,3,False,False,False,False,0,False,0.057489445861138445,W0_dry,R0_below_event_threshold,P75_moderate,weak_or_no_response
2016-05-21,19.211475372314453,CHIRPS-2.0-global-daily-tif-p05-crop,98.66454315185548,99.18871307373048,30.327224731445312,30.84276580810547,1,1,1,1,1.1918604373931885,1.0,16.361599922180176,3.0,21.486804381012917,5.0,65.5721494127065,16.0,98.10421802289784,25.0,120.8439598698169,32.0,2.0,1.0,0.0,4.0,1.0,0.0,26.14250456728041,45.169526213780046,82.1615784112364,0.0,0.0,3.370504140853882,60.66389046609402,1.1852658581082394,2016-05-14,2016-05-21,8,35.57307529449463,19.211475372314453,E019,0,0.0,0,0,0.0,0,0,0.0,0,0.0,0,3,False,False,False,False,0,False,0.06793365544387175,W0_dry,R0_below_event_threshold,P95_extreme,weak_or_no_response
2016-06-14,14.488913536071776,CHIRPS-2.0-global-daily-tif-p05-crop,98.66454315185548,99.18871307373048,30.327224731445312,30.84276580810547,1,1,1,0,1.7583390176296234,1.0,8.329152464866638,2.0,15.404541850090027,4.0,48.975032925605774,7.0,71.6857147384435,13.0,112.80747248418629,25.0,2.0,2.0,1.0,4.0,2.0,1.0,33.57049107551575,40.69827975332737,77.8354493547231,0.0,43.596208319067955,127.88113306462765,271.50712279975414,0.8939039924094752,2016-06-08,2016-06-21,14,66.41427432000637,18.435625076293945,E020,357,0.27335375191424194,441,357,0.27335375191424194,441,357,0.27335375191424194,441,0.27335375191424194,357,3,True,True,True,True,3,False,0.037248199046042985,W0_dry,R2_moderate,P90_heavy,moderate_trigger
2016-06-25,19.66099739074707,CHIRPS-2.0-global-daily-tif-p05-crop,98.66454315185548,99.18871307373048,30.327224731445312,30.84276580810547,1,1,1,1,30.235936164855957,3.0,73.83214448392391,6.0,90.57509337365627,8.0,103.72559987008572,11.0,142.59487348794937,16.0,171.9764422196895,23.0,6.0,4.0,1.0,8.0,6.0,2.0,73.83214448392391,90.57509337365627,103.72559987008572,13.985458612442017,41.37348264455795,132.61509543657303,297.68699419498444,1.2908206730562144,2016-06-18,2016-07-01,14,134.86662451922894,20.40253257751465,E021,0,0.0,0,0,0.0,0,0,0.0,0,0.0,0,3,False,False,False,False,0,False,0.5913919690396631,W1_moderate,R0_below_event_threshold,P95_extreme,weak_or_no_response
2016-07-05,26.18084526062012,CHIRPS-2.0-global-daily-tif-p05-crop,98.66454315185548,99.18871307373048,30.327224731445312,30.84276580810547,1,1,1,1,18.071626901626587,1.0,49.84398978948593,4.0,140.60344141721725,12.0,182.83170680701733,18.0,202.04318217933178,19.0,223.5299865603447,24.0,10.0,7.0,4.0,12.0,9.0,5.0,83.86855149269104,140.60344141721725,182.83170680701733,35.55043637752533,69.65930831432343,125.49153959751129,231.22737730294466,2.283139683144346,2016-06-28,2016-07-12,15,145.68414336442947,26.18084526062012,E022,0,0.0,0,0,0.0,0,0,0.0,0,0.0,0,3,False,False,False,False,0,False,1.184303370470652,W3_very_wet,R0_below_event_threshold,P95_extreme,weak_or_no_response
2016-07-13,22.72871780395508,CHIRPS-2.0-global-daily-tif-p05-crop,98.66454315185548,99.18871307373048,30.327224731445312,30.84276580810547,1,1,1,1,25.017940998077396,3.0,69.65930831432343,7.0,145.68414336442947,12.0,264.80909709632397,23.0,278.67186038196087,26.0,314.2449356764555,30.0,15.0,11.0,7.0,17.0,13.0,8.0,90.6091319322586,156.10321825742722,264.80909709632397,0.0,33.10351347923279,128.2432809472084,154.24634069949389,2.867207423927857,2016-07-06,2016-07-20,15,125.49153959751129,22.72871780395508,E023,0,0.0,0,0,0.0,0,0,0.0,0,0.0,0,3,False,False,False,False,0,False,1.7242091328438516,W3_very_wet,R0_below_event_threshold,P95_extreme,weak_or_no_response
2016-07-25,22.461091995239254,CHIRPS-2.0-global-daily-tif-p05-crop,98.66454315185548,99.18871307373048,30.327224731445312,30.84276580810547,1,1,1,1,44.74163419008255,2.0,84.51008373498917,6.0,144.9585800766945,11.0,294.88689959049225,23.0,385.4619929641485,31.0,398.61249946057796,34.0,15.0,12.0,10.0,21.0,16.0,11.0,90.6091319322586,164.02852231264114,294.88689959049225,8.570267677307129,8.66121382266283,31.04878706485033,49.328201331198215,3.338189742547425,2016-07-18,2016-08-01,15,115.63238955289125,27.264163970947266,E024,0,0.0,0,0,0.0,0,0,0.0,0,0.0,0,3,False,False,False,False,0,False,2.013442551576106,W3_very_wet,R0_below_event_threshold,P95_extreme,weak_or_no_response
2016-08-05,10.612641334533691,CHIRPS-2.0-global-daily-tif-p05-crop,98.66454315185548,99.18871307373048,30.327224731445312,30.84276580810547,1,1,0,0,10.50512409210205,2.0,10.596070237457752,2.0,105.73583770543337,7.0,231.22737730294466,19.0,379.5760389044881,31.0,436.8694252297282,37.0,13.0,9.0,7.0,24.0,17.0,12.0,101.17307931184769,169.74609619379044,303.54704225063324,0.0,4.794348180294037,18.46748787164688,98.771694034338,2.403297283122836,2016-07-31,2016-08-12,13,26.00305975228548,10.612641334533691,E025,0,0.0,0,0,0.0,0,87,0.0666156202143951,145,0.0666156202143951,87,15,False,False,False,False,0,False,1.8415158648792471,W3_very_wet,R0_below_event_threshold,P75_moderate,weak_or_no_response
2016-08-18,7.813645362854004,CHIRPS-2.0-global-daily-tif-p05-crop,98.66454315185548,99.18871307373048,30.327224731445312,30.84276580810547,1,1,0,0,0.14866483211517328,0.0,5.571738123893738,2.0,28.657080471515656,6.0,133.10179073363543,13.0,293.23729533702135,25.0,416.61395847052336,36.0,7.0,4.0,4.0,23.0,16.0,12.0,101.17307931184769,169.74609619379044,303.54704225063324,3.163454085588455,3.958291321992874,55.83774569630623,149.7719455063343,1.6138218442879948,2016-08-12,2016-08-23,12,17.343674808740616,7.813645362854004,E026,0,0.0,0,0,0.0,0,0,0.0,0,0.0,0,3,False,False,False,False,0,False,1.346693447113016,W3_very_wet,R0_below_event_threshold,P75_moderate,weak_or_no_response
2016-09-04,14.846722602844238,CHIRPS-2.0-global-daily-tif-p05-crop,98.66454315185548,99.18871307373048,30.327224731445312,30.84276580810547,1,1,1,0,28.07009220123291,3.0,63.03941488265991,7.0,66.09236457943916,8.0,94.53761276602745,14.0,200.27345047146082,21.0,325.7649900689721,33.0,8.0,3.0,0.0,21.0,12.0,7.0,63.03941488265991,96.98170543462038,221.25968874245882,16.56364345550537,39.94470429420471,66.59118223190308,107.484251357615,1.4888369572161244,2016-08-28,2016-09-11,15,117.83084177970886,21.662660598754883,E027,0,0.0,0,0,0.0,0,0,0.0,0,0.0,0,3,False,False,False,False,0,False,1.0279776656784603,W2_wet,R0_below_event_threshold,P90_heavy,weak_or_no_response
2016-09-17,23.300228118896484,CHIRPS-2.0-global-daily-tif-p05-crop,98.66454315185548,99.18871307373048,30.327224731445312,30.84276580810547,1,1,1,1,3.34624981880188,1.0,25.008910417556763,2.0,79.72039937973022,8.0,134.28536275029182,16.0,162.94244322180748,22.0,267.38715348392725,29.0,11.0,5.0,1.0,18.0,9.0,5.0,77.63259601593018,117.83084177970886,137.9727216437459,0.0,31.07894039154053,35.611366130411625,55.21459860354663,2.0059926622398887,2016-09-11,2016-09-23,13,79.38807892799377,23.300228118896484,E028,0,0.0,0,0,0.0,0,0,0.0,0,0.0,0,3,False,False,False,False,0,False,0.8700477936956357,W1_moderate,R0_below_event_threshold,P95_extreme,weak_or_no_response
2016-09-26,3.2293450832366943,CHIRPS-2.0-global-daily-tif-p05-crop,98.66454315185548,99.18871307373048,30.327224731445312,30.84276580810547,1,0,0,0,7.358801245689392,2.0,32.27255475521088,4.0,80.58169329166412,7.0,178.0862089395523,19.0,195.42988374829292,23.0,218.8441425934434,27.0,13.0,7.0,3.0,16.0,7.0,3.0,77.63259601593018,117.83084177970886,178.0862089395523,0.1094662919640541,0.1094662919640541,9.012968011200428,27.350645311176777,0.8231498603942617,2016-09-21,2016-09-29,9,35.611366130411625,19.93777656555176,E029,0,0.0,0,0,0.0,0,0,0.0,0,0.0,0,3,False,False,False,False,0,False,0.924032854327443,W2_wet,R0_below_event_threshold,below_P75_wet_background,weak_or_no_response
2016-10-16,7.772207260131836,CHIRPS-2.0-global-daily-tif-p05-crop,98.66454315185548,99.18871307373048,30.327224731445312,30.84276580810547,1,1,0,0,1.6672567129135132,1.0,4.826847642660141,3.0,11.831025213003159,5.0,70.74261946231128,11.0,156.950388379395,20.0,205.0279822126031,27.0,3.0,2.0,2.0,14.0,7.0,3.0,54.37916851043701,93.93419981002808,179.9792195558548,0.0,0.0,7.637946546077728,8.146147448569536,0.564050200490105,2016-10-09,2016-10-16,8,12.599054902791977,7.772207260131836,E030,0,0.0,0,0,0.0,0,0,0.0,0,0.0,0,3,False,False,False,False,0,False,0.4909948292233948,W1_moderate,R0_below_event_threshold,P75_moderate,weak_or_no_response
2016-10-25,6.862915515899658,CHIRPS-2.0-global-daily-tif-p05-crop,98.66454315185548,99.18871307373048,30.327224731445312,30.84276580810547,1,1,0,0,0.0,0.0,0.0,0.0,11.176225751638412,3.0,24.135658212006092,8.0,103.52373713999987,14.0,201.02825278788805,26.0,1.0,0.0,0.0,14.0,7.0,3.0,35.50189983844757,80.58169329166412,179.9792195558548,0.7750310301780701,0.7750310301780701,1.2832319326698778,1.698331970721483,0.4926786462069241,2016-10-25,2016-10-26,2,7.637946546077728,6.862915515899658,E031,0,0.0,0,0,0.0,0,0,0.0,0,0.0,0,3,False,False,False,False,0,False,0.4394152490515397,W1_moderate,R0_below_event_threshold,P75_moderate,weak_or_no_response
2017-04-02,6.771021842956543,CHIRPS-2.0-global-daily-tif-p05-crop,98.66454315185548,99.18871307373048,30.327224731445312,30.84276580810547,1,1,0,0,3.506133481860161,1.0,8.762984275817871,4.0,11.642727443948388,5.0,16.488945620134473,7.0,17.28521062945947,7.0,18.50830441666767,7.0,0.0,0.0,0.0,0.0,0.0,0.0,8.762984275817871,11.642727443948388,16.488945620134473,1.9233305603265762,1.967455543577671,3.769964762032031,44.19154793769121,0.41774308632885976,2017-03-26,2017-04-06,12,17.501461662352085,6.771021842956543,E032,0,0.0,0,0,0.0,0,254,0.19448698315467075,302,0.19448698315467075,254,15,False,False,True,True,15,True,0.0,W0_dry,R2_moderate,P75_moderate,delayed_trigger
2017-04-23,11.419504165649414,CHIRPS-2.0-global-daily-tif-p05-crop,98.66454315185548,99.18871307373048,30.327224731445312,30.84276580810547,1,1,0,0,16.567328929901123,2.0,24.03395414352417,3.0,25.83646336197853,4.0,43.35536364838481,10.0,47.3318591658026,11.0,51.08176391199231,13.0,4.0,0.0,0.0,4.0,0.0,0.0,24.03395414352417,25.83646336197853,43.35536364838481,4.968124866485596,4.968124866485596,15.601045701652765,34.071973379701376,0.7045345628985108,2017-04-19,2017-04-24,6,40.42158317565918,11.419504165649414,E033,0,0.0,0,0,0.0,0,0,0.0,0,0.0,0,3,False,False,False,False,0,False,0.023772484587590792,W0_dry,R0_below_event_threshold,P75_moderate,weak_or_no_response
2017-05-17,7.655988693237305,CHIRPS-2.0-global-daily-tif-p05-crop,98.66454315185548,99.18871307373048,30.327224731445312,30.84276580810547,1,1,0,0,1.8350659310817719,1.0,5.339845143258572,2.0,21.447859819978476,6.0,61.869442995637655,11.0,72.41042960062623,14.0,84.05315704457462,19.0,4.0,0.0,0.0,5.0,0.0,0.0,40.42158317565918,42.22409239411354,61.95458787307143,0.0,0.0,31.64319610595703,63.04670192301273,0.472341755763013,2017-05-10,2017-05-17,8,12.995833836495876,7.655988693237305,E034,0,0.0,0,0,0.0,0,0,0.0,0,0.0,0,3,False,False,False,False,0,False,0.03859151704155301,W0_dry,R0_below_event_threshold,P75_moderate,weak_or_no_response
2017-05-30,31.64319610595703,CHIRPS-2.0-global-daily-tif-p05-crop,98.66454315185548,99.18871307373048,30.327224731445312,30.84276580810547,1,1,1,1,0.0,0.0,0.0,0.0,9.118648767471313,2.0,29.10384851321578,7.0,71.07323664054275,13.0,83.25390948727727,16.0,1.0,0.0,0.0,6.0,0.0,0.0,16.962708055973053,40.480431232601404,69.52543168887496,0.0,0.0,24.017537869513035,150.13033616542816,1.9522498537443702,2017-05-30,2017-05-30,1,31.64319610595703,31.64319610595703,E035,0,0.0,0,0,0.0,0,142,0.10872894333843798,267,0.10872894333843798,142,15,False,False,True,True,15,True,0.0,W0_dry,R2_moderate,P95_extreme,delayed_trigger
2017-06-18,23.724000930786133,CHIRPS-2.0-global-daily-tif-p05-crop,98.66454315185548,99.18871307373048,30.327224731445312,30.84276580810547,1,1,1,1,24.730238653719425,2.0,47.05236913263798,4.0,48.74777652323246,5.0,80.39097262918949,6.0,109.43597308546305,13.0,149.91640431806445,18.0,5.0,3.0,2.0,10.0,3.0,2.0,47.05236913263798,48.74777652323246,80.39097262918949,15.377443313598633,56.28494606912136,123.52962337434292,207.71471451222897,1.4636693838470827,2017-06-12,2017-06-25,14,127.06131613254547,23.724000930786133,E036,0,0.0,0,0,0.0,0,0,0.0,0,0.0,0,3,False,False,False,False,0,False,0.26749832233341037,W1_moderate,R0_below_event_threshold,P95_extreme,weak_or_no_response
2017-06-29,19.91840171813965,CHIRPS-2.0-global-daily-tif-p05-crop,98.66454315185548,99.18871307373048,30.327224731445312,30.84276580810547,1,1,1,1,1.4552109241485596,1.0,42.36271367967129,4.0,120.53221758455038,9.0,161.85513055324554,12.0,170.97377932071686,14.0,190.95897906646132,19.0,10.0,7.0,4.0,11.0,7.0,4.0,81.29854106903076,127.06131613254547,161.85513055324554,35.74778890609741,86.38973188400269,129.99516248703003,155.17124719172716,1.6570887315917708,2017-06-22,2017-07-06,15,148.67084728181362,25.008136749267575,E037,0,0.0,0,0,0.0,0,0,0.0,0,0.0,0,3,False,False,False,False,0,False,0.9518658974744497,W2_wet,R0_below_event_threshold,P95_extreme,weak_or_no_response
2017-07-07,25.924524307250977,CHIRPS-2.0-global-daily-tif-p05-crop,98.66454315185548,99.18871307373048,30.327224731445312,30.84276580810547,1,1,1,1,40.518667221069336,3.0,86.38973188400269,7.0,148.67084728181362,12.0,236.52006804943085,19.0,268.1632641553879,20.0,288.9809213504195,25.0,15.0,10.0,6.0,17.0,11.0,7.0,92.76806688308716,150.50822387635708,236.52006804943085,17.680906295776367,17.680906295776367,27.760210156440735,63.89860524982214,2.8123898887102925,2017-06-30,2017-07-08,9,129.99516248703003,25.924524307250977,E038,0,0.0,0,0,0.0,0,0,0.0,0,0.0,0,3,False,False,False,False,0,False,1.540922986398051,W3_very_wet,R0_below_event_threshold,P95_extreme,weak_or_no_response
2017-07-22,8.594695091247559,CHIRPS-2.0-global-daily-tif-p05-crop,98.66454315185548,99.18871307373048,30.327224731445312,30.84276580810547,1,1,0,0,1.4236154556274414,1.0,1.484608769416809,1.0,45.09003937244415,3.0,193.76088665425777,15.0,281.610107421875,22.0,313.25330352783203,23.0,11.0,8.0,6.0,18.0,13.0,9.0,107.29434871673584,167.4686692804098,278.4300912618637,0.3471252396702766,15.096780844032764,36.138395093381405,99.74211003631353,1.6008229005685033,2017-07-15,2017-07-29,15,25.176084704697132,10.358490943908691,E039,0,0.0,0,0,0.0,0,0,0.0,0,0.0,0,3,False,False,False,False,0,False,1.2894010432791654,W3_very_wet,R0_below_event_threshold,P75_moderate,weak_or_no_response
2017-08-01,6.601193904876709,CHIRPS-2.0-global-daily-tif-p05-crop,98.66454315185548,99.18871307373048,30.327224731445312,30.84276580810547,1,1,0,0,3.641904830932617,1.0,14.749655604362488,2.0,25.115091390907764,4.0,125.14320296794176,11.0,273.8980775400996,21.0,305.3015833571553,25.0,8.0,4.0,3.0,19.0,12.0,8.0,107.29434871673584,167.4686692804098,278.4300912618637,4.905227959156036,15.322262361645699,69.34367807209492,112.98032300174236,1.0702428505561703,2017-07-27,2017-08-08,13,36.673111870884895,10.358490943908691,E040,0,0.0,0,0,0.0,0,1070,0.8192955589586524,2087,0.8192955589586524,1070,15,False,False,True,True,15,True,1.0432191631064984,W2_wet,R3_strong,P75_moderate,delayed_trigger
2017-08-09,18.24957847595215,CHIRPS-2.0-global-daily-tif-p05-crop,98.66454315185548,99.18871307373048,30.327224731445312,30.84276580810547,1,1,1,1,10.175401091575623,1.0,15.322262361645699,2.0,36.673111870884895,5.0,47.09954097121954,7.0,198.62046206742525,18.0,325.52963223308325,27.0,4.0,0.0,0.0,21.0,12.0,8.0,84.12409782409668,151.36877512931824,278.4300912618637,14.60771942138672,35.77183723449707,45.20851069688797,122.08901938796043,1.6705699195577506,2017-08-02,2017-08-15,14,69.34367807209492,18.24957847595215,E041,1070,0.8192955589586524,2087,1070,0.8192955589586524,2087,1070,0.8192955589586524,2087,0.8192955589586524,1070,3,True,True,True,True,3,False,0.9342072367197474,W2_wet,R3_strong,P95_extreme,saturated_high_trigger
2017-08-17,6.884178638458252,CHIRPS-2.0-global-daily-tif-p05-crop,98.66454315185548,99.18871307373048,30.327224731445312,30.84276580810547,1,1,0,0,16.66581678390503,2.0,35.77183723449707,4.0,69.34367807209492,7.0,101.05996336787939,12.0,195.36833026260138,18.0,332.4986788108945,28.0,7.0,3.0,1.0,20.0,13.0,8.0,54.02141571044922,84.18509113788605,209.1383299678564,1.8162785768508911,2.5524948239326477,48.5070877969265,91.60096202790737,1.0591500524424078,2017-08-10,2017-08-24,15,45.20851069688797,14.60771942138672,E042,0,0.0,0,0,0.0,0,0,0.0,0,0.0,0,3,False,False,False,False,0,False,1.0678781161026287,W2_wet,R0_below_event_threshold,P75_moderate,weak_or_no_response
2017-09-01,11.754621505737305,CHIRPS-2.0-global-daily-tif-p05-crop,98.66454315185548,99.18871307373048,30.327224731445312,30.84276580810547,1,1,0,0,22.434428453445435,3.0,34.199971467256546,6.0,43.636644929647446,8.0,112.98032300174236,15.0,144.69660829752684,20.0,239.00497519224882,26.0,8.0,3.0,1.0,17.0,7.0,4.0,54.02141571044922,75.94487197697163,120.72621793299913,17.12164878845215,30.925915718078613,43.09387423098087,95.02631442248821,1.068181591311411,2017-08-25,2017-09-08,15,76.88050869107246,11.754621505737305,E043,0,0.0,0,0,0.0,0,0,0.0,0,0.0,0,3,False,False,False,False,0,False,0.5995133372168242,W1_moderate,R0_below_event_threshold,P75_moderate,weak_or_no_response
2017-09-22,10.66089153289795,CHIRPS-2.0-global-daily-tif-p05-crop,98.66454315185548,99.18871307373048,30.327224731445312,30.84276580810547,1,1,0,0,17.87559461593628,3.0,30.263603687286377,6.0,55.201337829232216,10.0,119.01379583775997,20.0,181.84196589887142,27.0,218.47938726097345,32.0,9.0,0.0,0.0,16.0,3.0,1.0,51.31069874763489,76.88050869107246,136.70973202586174,5.6224205493927,11.823288440704346,20.45620933175087,37.2365671209991,0.9554995785272673,2017-09-16,2017-09-29,14,52.74778366088867,10.81373691558838,E044,0,0.0,0,0,0.0,0,0,0.0,0,0.0,0,3,False,False,False,False,0,False,0.5370607956413055,W1_moderate,R0_below_event_threshold,P75_moderate,weak_or_no_response
2017-10-02,7.761847496032715,CHIRPS-2.0-global-daily-tif-p05-crop,98.66454315185548,99.18871307373048,30.327224731445312,30.84276580810547,1,1,0,0,0.3400920927524566,0.0,6.420015722513199,1.0,51.93244019150734,9.0,95.02631442248821,17.0,143.5334022194147,25.0,214.93641743063927,32.0,6.0,0.0,0.0,15.0,3.0,1.0,51.31069874763489,76.88050869107246,136.70973202586174,0.6519255638122559,0.6519255638122559,1.0573914274573326,33.39370898157358,0.6312410414133037,2017-09-27,2017-10-03,7,14.83378878235817,7.761847496032715,E045,0,0.0,0,32,0.02450229709035222,55,32,0.02450229709035222,55,0.02450229709035222,32,7,False,False,False,False,0,False,0.47130139047537334,W1_moderate,R0_below_event_threshold,P75_moderate,weak_or_no_response
2017-10-20,9.178711891174316,CHIRPS-2.0-global-daily-tif-p05-crop,98.66454315185548,99.18871307373048,30.327224731445312,30.84276580810547,1,1,0,0,0.0,0.0,0.3115217387676239,0.0,0.4054658636450767,0.0,44.34209006279707,7.0,86.72390455752611,15.0,150.53636256605387,25.0,3.0,0.0,0.0,11.0,0.0,0.0,42.91267800331116,58.57435680925846,131.96114520728588,7.196180034428835,7.196180034428835,24.67128117382526,25.764042243361473,0.5662872640015456,2017-10-16,2017-10-22,7,16.686413664370775,9.178711891174316,E046,0,0.0,0,0,0.0,0,0,0.0,0,0.0,0,3,False,False,False,False,0,False,0.13481984876628292,W0_dry,R0_below_event_threshold,P75_moderate,weak_or_no_response
2017-10-30,15.054680824279783,CHIRPS-2.0-global-daily-tif-p05-crop,98.66454315185548,99.18871307373048,30.327224731445312,30.84276580810547,1,1,1,0,0.0,0.0,0.0,0.0,16.686413664370775,2.0,25.413278680294752,3.0,78.16106234118342,13.0,143.63908445462584,22.0,3.0,0.0,0.0,11.0,0.0,0.0,16.686413664370775,52.799996957182884,106.61400139331818,1.8764140866696835,2.420420315116644,3.2984707318246365,4.072162684053183,0.9288094141614044,2017-10-30,2017-11-03,5,17.47510113939643,15.054680824279783,E047,0,0.0,0,0,0.0,0,0,0.0,0,0.0,0,3,False,False,False,False,0,False,0.08584327676476815,W0_dry,R0_below_event_threshold,P90_heavy,weak_or_no_response
2018-04-05,10.814449310302734,CHIRPS-2.0-global-daily-tif-p05-crop,98.66454315185548,99.18871307373048,30.327224731445312,30.84276580810547,1,1,0,0,0.0,0.0,0.1935558766126632,0.0,7.043166818562894,2.0,18.89408025564626,7.0,23.631433359812945,8.0,24.49816521583125,8.0,0.0,0.0,0.0,0.0,0.0,0.0,8.413353799376637,12.286890984047204,22.67903009010479,1.4632035493850708,11.444083809852602,16.44071787968278,36.79414755478501,0.6672052662970368,2018-04-01,2018-04-10,10,22.452088996767998,10.814449310302734,E048,169,0.12940275650842267,210,169,0.12940275650842267,210,169,0.12940275650842267,210,0.12940275650842267,169,3,True,True,True,True,3,False,0.0,W0_dry,R2_moderate,P75_moderate,moderate_trigger
2018-05-05,8.553350448608398,CHIRPS-2.0-global-daily-tif-p05-crop,98.66454315185548,99.18871307373048,30.327224731445312,30.84276580810547,1,1,0,0,4.211195945739746,1.0,11.287835836410522,4.0,11.800079226493835,4.0,39.05524641647935,8.0,46.098413235042244,10.0,57.94932667212561,15.0,2.0,0.0,0.0,2.0,0.0,0.0,22.258533120155334,27.255167189985514,39.05524641647935,6.160699248313904,10.3507719039917,18.110356330871582,34.59726095199585,0.52770513782508,2018-04-29,2018-05-11,13,30.19195818901062,8.553350448608398,E049,0,0.0,0,0,0.0,0,0,0.0,0,0.0,0,3,False,False,False,False,0,False,0.0,W0_dry,R0_below_event_threshold,P75_moderate,weak_or_no_response
2018-06-12,18.61100959777832,CHIRPS-2.0-global-daily-tif-p05-crop,98.66454315185548,99.18871307373048,30.327224731445312,30.84276580810547,1,1,1,1,0.2405530214309692,0.0,0.2405530214309692,0.0,8.79383671283722,3.0,24.48704206943512,8.0,54.67900025844574,18.0,60.18787771835923,20.0,0.0,0.0,0.0,1.0,0.0,0.0,13.546458840370178,36.0119149684906,45.88516354560852,28.820134162902832,33.97729493677616,77.40161956846714,225.62239016592503,1.1482196881641111,2018-06-11,2018-06-18,8,52.82885755598545,18.61100959777832,E050,0,0.0,0,0,0.0,0,0,0.0,0,0.0,0,3,False,False,False,False,0,False,0.0,W0_dry,R0_below_event_threshold,P95_extreme,weak_or_no_response
2018-06-20,10.269048690795898,CHIRPS-2.0-global-daily-tif-p05-crop,98.66454315185548,99.18871307373048,30.327224731445312,30.84276580810547,1,1,0,0,1.5914125591516495,1.0,33.97729493677616,4.0,52.82885755598545,5.0,69.31576217710972,11.0,87.4261185079813,18.0,107.77954818308353,23.0,3.0,3.0,1.0,4.0,3.0,1.0,52.67877995967865,55.48619997501373,69.31576217710972,19.355090618133545,33.15527594089508,106.5115259885788,238.0811094045639,0.6335563808905509,2018-06-13,2018-06-27,15,77.40161956846714,16.11604881286621,E051,0,0.0,0,0,0.0,0,0,0.0,0,0.0,0,3,False,False,False,False,0,False,0.20926863844378135,W1_moderate,R0_below_event_threshold,P75_moderate,weak_or_no_response
2018-07-03,14.840946197509766,CHIRPS-2.0-global-daily-tif-p05-crop,98.66454315185548,99.18871307373048,30.327224731445312,30.84276580810547,1,1,1,0,24.621744394302368,3.0,50.933175802230835,7.0,84.75730289518833,12.0,137.43608285486698,17.0,153.92298747599125,23.0,180.58669425547123,31.0,9.0,5.0,1.0,10.0,5.0,1.0,52.67877995967865,90.366969242692,137.43608285486698,25.13447618484497,74.19234418869019,139.91327476501465,229.93739553913474,1.1787684112012766,2018-06-26,2018-07-10,15,139.9664661884308,16.229902267456055,E052,0,0.0,0,0,0.0,0,0,0.0,0,0.0,0,3,False,False,False,False,0,False,0.6831705229504609,W1_moderate,R0_below_event_threshold,P90_heavy,weak_or_no_response
2018-07-14,17.360410690307617,CHIRPS-2.0-global-daily-tif-p05-crop,98.66454315185548,99.18871307373048,30.327224731445312,30.84276580810547,1,1,1,1,19.12955641746521,3.0,68.18742442131042,7.0,147.22304677963257,15.0,210.63131822645664,26.0,252.84732867777348,30.0,262.0858342796564,34.0,17.0,5.0,1.0,19.0,7.0,2.0,77.00026369094849,148.22077059745789,236.14521349966526,11.733959913253784,52.83986210823059,82.2051378749311,184.720160972327,2.039003266051668,2018-07-07,2018-07-21,15,138.38769721984863,17.49700355529785,E053,0,0.0,0,0,0.0,0,0,0.0,0,0.0,0,3,False,False,False,False,0,False,1.3363936450175344,W3_very_wet,R0_below_event_threshold,P95_extreme,weak_or_no_response
2018-07-22,14.52870750427246,CHIRPS-2.0-global-daily-tif-p05-crop,98.66454315185548,99.18871307373048,30.327224731445312,30.84276580810547,1,1,1,0,23.608898639678955,3.0,52.83986210823059,7.0,138.38769721984863,15.0,250.93113601207733,29.0,315.79920245707035,36.0,329.3184454590082,41.0,18.0,7.0,3.0,22.0,10.0,4.0,77.00026369094849,151.89272284507751,250.93113601207733,0.0499879382550716,14.836568262428045,68.18321153149009,135.1896865926683,2.342562492635686,2018-07-15,2018-07-29,15,82.2051378749311,17.49700355529785,E054,0,0.0,0,0,0.0,0,373,0.28560490045941805,696,0.28560490045941805,373,15,False,False,True,True,15,True,1.5799783245526555,W3_very_wet,R2_moderate,P90_heavy,delayed_trigger
2018-08-01,17.558530807495117,CHIRPS-2.0-global-daily-tif-p05-crop,98.66454315185548,99.18871307373048,30.327224731445312,30.84276580810547,1,1,1,1,12.615310251712799,2.0,26.00543686375022,5.0,84.15329667553306,11.0,226.99356791004539,26.0,305.09590182825923,38.0,360.58210180327296,43.0,17.0,6.0,3.0,25.0,11.0,4.0,77.00026369094849,151.89272284507751,256.9591282606125,21.587501049041748,30.883074089884758,83.93945924937725,118.33166038990021,2.5172660434135334,2018-07-25,2018-08-08,15,74.4470417611301,17.558530807495117,E055,373,0.28560490045941805,696,373,0.28560490045941805,696,373,0.28560490045941805,696,0.28560490045941805,373,3,True,True,True,True,3,False,1.4375096590501253,W3_very_wet,R2_moderate,P95_extreme,moderate_trigger
2018-08-12,19.577476501464844,CHIRPS-2.0-global-daily-tif-p05-crop,98.66454315185548,99.18871307373048,30.327224731445312,30.84276580810547,1,1,1,1,23.327073097229004,3.0,32.622646138072014,6.0,88.83339677751064,13.0,183.6280720345676,25.0,331.8488426320255,40.0,409.2504622004926,51.0,12.0,5.0,3.0,30.0,11.0,4.0,75.35385012626648,151.89272284507751,256.9591282606125,0.2739964723587036,15.755387663841246,41.44322793185711,122.16209681332111,2.5892534952459174,2018-08-05,2018-08-19,15,67.9555103033781,19.577476501464844,E056,0,0.0,0,0,0.0,0,0,0.0,0,0.0,0,3,False,False,False,False,0,False,1.409809767066391,W3_very_wet,R0_below_event_threshold,P95_extreme,weak_or_no_response
2018-08-27,9.004817962646484,CHIRPS-2.0-global-daily-tif-p05-crop,98.66454315185548,99.18871307373048,30.327224731445312,30.84276580810547,1,1,0,0,13.980366230010985,3.0,16.683022305369377,4.0,52.01588647067547,9.0,140.8492832481861,22.0,235.64395850524306,34.0,383.86472910270095,49.0,10.0,2.0,2.0,28.0,10.0,5.0,52.43511891365051,103.96146474778652,245.34215369448066,3.100808769464493,4.41382423043251,80.718868881464,136.1363428235054,1.6048579590930965,2018-08-20,2018-09-01,13,30.101664498448372,9.084692001342772,E057,0,0.0,0,0,0.0,0,0,0.0,0,0.0,0,3,False,False,False,False,0,False,1.131433591587515,W2_wet,R0_below_event_threshold,P75_moderate,weak_or_no_response
2018-09-10,14.66887092590332,CHIRPS-2.0-global-daily-tif-p05-crop,98.66454315185548,99.18871307373048,30.327224731445312,30.84276580810547,1,1,1,0,30.481924533843994,3.0,49.09896898269653,5.0,66.28705683350563,9.0,125.35347731411457,18.0,209.8261792063713,31.0,306.2497559450567,43.0,9.0,3.0,1.0,21.0,8.0,4.0,51.18729095160961,103.96146474778652,202.0805716626346,27.27522563934326,28.097664535045624,52.95724979043007,91.73865246772766,1.5727604058003835,2018-09-05,2018-09-14,10,91.86550444364548,14.66887092590332,E058,0,0.0,0,0,0.0,0,0,0.0,0,0.0,0,3,False,False,False,False,0,False,0.9287654087467704,W2_wet,R0_below_event_threshold,P90_heavy,weak_or_no_response
2018-09-26,14.997428894042969,CHIRPS-2.0-global-daily-tif-p05-crop,98.66454315185548,99.18871307373048,30.327224731445312,30.84276580810547,1,1,1,0,24.173697471618652,3.0,24.859585255384445,3.0,52.95724979043007,6.0,130.14373189210892,15.0,182.15961836278439,24.0,270.99301514029503,37.0,11.0,5.0,0.0,21.0,7.0,2.0,76.3050446510315,93.1785199046135,146.33190992474556,5.097476601600647,21.03437626361847,23.783973783254623,30.557842046022415,1.4847449770287113,2018-09-19,2018-10-03,15,60.89139041304588,14.997428894042969,E059,0,0.0,0,63,0.04823889739663093,117,63,0.04823889739663093,117,0.04823889739663093,63,7,False,False,False,False,0,False,0.7412398204602466,W1_moderate,R0_below_event_threshold,P90_heavy,weak_or_no_response
2018-10-29,10.759060859680176,CHIRPS-2.0-global-daily-tif-p05-crop,98.66454315185548,99.18871307373048,30.327224731445312,30.84276580810547,1,1,0,0,0.0,0.0,0.0,0.0,3.169210135936737,1.0,25.98100259900093,6.0,71.23729509115219,11.0,163.8651655614376,21.0,2.0,0.0,0.0,13.0,6.0,0.0,44.26860296726227,60.89139041304588,152.75689485669136,0.0,0.9569272547960281,1.7268301397562027,2.8090745657682414,0.6637880358041075,2018-10-29,2018-11-05,8,11.715988114476204,10.759060859680176,E060,0,0.0,0,0,0.0,0,0,0.0,0,0.0,0,3,False,False,False,False,0,False,0.32613568633170364,W1_moderate,R0_below_event_threshold,P75_moderate,weak_or_no_response
2019-05-11,8.44929313659668,CHIRPS-2.0-global-daily-tif-p05-crop,98.66454315185548,99.18871307373048,30.327224731445312,30.84276580810547,1,1,0,0,2.619915723800659,1.0,2.619915723800659,1.0,2.7972512543201447,1.0,23.71460622549057,9.0,37.61393442749977,14.0,45.74812607653439,17.0,0.0,0.0,0.0,0.0,0.0,0.0,10.59513334929943,20.917354971170425,34.81668317317963,3.576790332794189,3.576790332794189,27.35040546581149,40.90239645168185,0.5212852467535309,2019-05-09,2019-05-12,4,14.645999193191528,8.44929313659668,E061,0,0.0,0,0,0.0,0,0,0.0,0,0.0,0,3,False,False,False,False,0,False,0.0,W0_dry,R0_below_event_threshold,P75_moderate,weak_or_no_response
2019-05-23,17.426631927490234,CHIRPS-2.0-global-daily-tif-p05-crop,98.66454315185548,99.18871307373048,30.327224731445312,30.84276580810547,1,1,1,1,0.4147188775241374,0.0,0.4147188775241374,0.0,15.060718070715666,3.0,21.625936832278967,5.0,37.72318000718951,12.0,50.14260687306523,16.0,1.0,0.0,0.0,1.0,0.0,0.0,14.645999193191528,20.917354971170425,34.81668317317963,5.93226432800293,9.27448582649231,19.48425531387329,39.76052808761597,1.0751486517916908,2019-05-21,2019-05-30,10,27.11583663150668,17.426631927490234,E062,0,0.0,0,0,0.0,0,413,0.31623277182235837,780,0.31623277182235837,413,15,False,False,True,True,15,True,0.0,W0_dry,R3_strong,P95_extreme,delayed_trigger
2019-05-31,7.749490261077881,CHIRPS-2.0-global-daily-tif-p05-crop,98.66454315185548,99.18871307373048,30.327224731445312,30.84276580810547,1,1,0,0,3.34222149848938,1.0,9.27448582649231,2.0,27.11583663150668,3.0,41.939171355217695,6.0,56.4707189463079,11.0,71.93962172791362,17.0,2.0,1.0,1.0,2.0,1.0,1.0,23.7736151330173,35.79969860240817,41.939171355217695,0.0,2.4602792263031006,14.194125890731812,75.89850655198097,0.4781104025688036,2019-05-24,2019-06-04,12,19.48425531387329,7.749490261077881,E063,413,0.31623277182235837,780,413,0.31623277182235837,780,413,0.31623277182235837,780,0.31623277182235837,413,3,True,True,True,True,3,False,0.027608819352666382,W0_dry,R3_strong,P75_moderate,moderate_trigger
2019-06-16,8.542426109313965,CHIRPS-2.0-global-daily-tif-p05-crop,98.66454315185548,99.18871307373048,30.327224731445312,30.84276580810547,1,1,0,0,6.4255852699279785,3.0,11.733846664428711,5.0,14.194125890731812,6.0,49.059452783316374,10.0,63.7054519765079,13.0,74.47792085632682,17.0,2.0,1.0,1.0,3.0,1.0,1.0,23.7736151330173,37.32560611888766,51.97160531207919,0.0,14.651606559753418,53.99404510855675,172.83719193935394,0.5270311528167895,2019-06-11,2019-06-23,13,34.927879333496094,14.651606559753418,E064,0,0.0,0,0,0.0,0,0,0.0,0,0.0,0,3,False,False,False,False,0,False,0.00013760799183761422,W0_dry,R0_below_event_threshold,P75_moderate,weak_or_no_response
2019-06-26,18.98257064819336,CHIRPS-2.0-global-daily-tif-p05-crop,98.66454315185548,99.18871307373048,30.327224731445312,30.84276580810547,1,1,1,1,31.336924731731415,2.0,31.336924731731415,2.0,51.61319750547409,8.0,65.16518849134445,11.0,92.51559395715594,14.0,103.76213834807277,16.0,4.0,2.0,0.0,6.0,3.0,1.0,31.336924731731415,51.61319750547409,65.16518849134445,2.8424591720104218,27.658939987421036,75.64142301678658,182.40958651900291,1.1711434157136587,2019-06-23,2019-07-03,11,77.97843536734581,18.98257064819336,E065,0,0.0,0,0,0.0,0,0,0.0,0,0.0,0,3,False,False,False,False,0,False,0.19335124127466616,W0_dry,R0_below_event_threshold,P95_extreme,weak_or_no_response
2019-07-07,9.159710884094238,CHIRPS-2.0-global-daily-tif-p05-crop,98.66454315185548,99.18871307373048,30.327224731445312,30.84276580810547,1,1,0,0,21.337003707885742,3.0,46.153484523296356,5.0,99.31543907523155,9.0,119.59171184897423,15.0,156.50259909033775,20.0,171.56331716105342,23.0,8.0,4.0,1.0,11.0,5.0,2.0,53.161954551935196,99.31543907523155,119.59171184897423,7.493974804878235,51.37128031253815,97.51199796795845,183.3817207366228,0.7301605864518336,2019-07-01,2019-07-14,14,106.68447571992874,13.441889762878418,E066,0,0.0,0,0,0.0,0,0,0.0,0,0.0,0,3,False,False,False,False,0,False,0.649065128057753,W1_moderate,R0_below_event_threshold,P75_moderate,weak_or_no_response
2019-07-15,12.963912010192873,CHIRPS-2.0-global-daily-tif-p05-crop,98.66454315185548,99.18871307373048,30.327224731445312,30.84276580810547,1,1,1,0,33.88551187515259,3.0,51.37128031253815,7.0,106.68447571992874,13.0,171.70806834101677,19.0,190.3324725329876,25.0,217.44830916449428,28.0,13.0,6.0,1.0,15.0,7.0,2.0,56.86447191238403,108.47514995932579,171.70806834101677,4.917255312204361,33.17680564522743,71.6585136204958,130.55116245150566,1.3833373019195851,2019-07-08,2019-07-22,15,97.51199796795845,13.441889762878418,E067,0,0.0,0,0,0.0,0,265,0.2029096477794793,331,0.2029096477794793,265,15,False,False,True,True,15,True,0.976485143257159,W2_wet,R2_moderate,P90_heavy,delayed_trigger
2019-07-23,26.418731689453125,CHIRPS-2.0-global-daily-tif-p05-crop,98.66454315185548,99.18871307373048,30.327224731445312,30.84276580810547,1,1,1,1,24.62085247039795,3.0,33.17680564522743,5.0,97.51199796795845,13.0,205.98714792728424,23.0,226.26342070102692,29.0,245.7476760149002,33.0,15.0,8.0,1.0,17.0,8.0,1.0,61.95182526111603,119.64838773012161,205.98714792728424,0.3232022821903229,12.062976285815239,70.88674966990948,110.70827940106392,2.5099475847841966,2019-07-16,2019-07-30,15,71.6585136204958,26.418731689453125,E068,0,0.0,0,265,0.2029096477794793,331,265,0.2029096477794793,331,0.2029096477794793,265,7,False,True,True,True,7,False,1.138760565037407,W2_wet,R2_moderate,P95_extreme,moderate_trigger
2019-08-04,23.99755477905273,CHIRPS-2.0-global-daily-tif-p05-crop,98.66454315185548,99.18871307373048,30.327224731445312,30.84276580810547,1,1,1,1,17.1482195854187,3.0,27.573285594582558,4.0,80.25078003108501,9.0,180.88143987953663,22.0,261.6170754879713,29.0,281.893348261714,35.0,13.0,5.0,1.0,19.0,9.0,2.0,61.95182526111603,121.54736259579659,217.75427305698395,17.677999019622803,17.74687446653843,43.41695033013821,113.95589910447598,2.360566829273849,2019-07-28,2019-08-08,12,69.31771484017372,23.99755477905273,E069,0,0.0,0,0,0.0,0,0,0.0,0,0.0,0,3,False,False,False,False,0,False,1.1192932332775203,W2_wet,R0_below_event_threshold,P95_extreme,weak_or_no_response
2019-08-19,16.48455238342285,CHIRPS-2.0-global-daily-tif-p05-crop,98.66454315185548,99.18871307373048,30.327224731445312,30.84276580810547,1,1,1,1,9.185523480176926,1.0,9.185523480176926,1.0,50.92995272576809,5.0,131.1807327568531,14.0,231.81139260530472,27.0,312.5470282137394,34.0,8.0,3.0,2.0,21.0,10.0,3.0,59.891889959573746,121.54736259579659,217.75427305698395,14.082578420639038,14.082578420639038,70.53894877433777,153.37267810106277,1.740860514999135,2019-08-17,2019-08-22,6,39.752654284238815,16.48455238342285,E070,0,0.0,0,0,0.0,0,0,0.0,0,0.0,0,3,False,False,False,False,0,False,0.9850014638295959,W2_wet,R0_below_event_threshold,P95_extreme,weak_or_no_response
2019-09-03,22.8653621673584,CHIRPS-2.0-global-daily-tif-p05-crop,98.66454315185548,99.18871307373048,30.327224731445312,30.84276580810547,1,1,1,1,1.5499601364135742,1.0,33.59100818634033,5.0,64.15813899040222,9.0,115.08809171617031,14.0,195.33887174725533,23.0,295.96953159570694,36.0,7.0,3.0,2.0,20.0,8.0,3.0,58.82377338409424,99.17374841868877,194.19781275093555,10.559126436710358,36.250517666339874,82.833729326725,121.20225350558758,1.9827617064033598,2019-08-27,2019-09-10,15,92.7068880200386,22.8653621673584,E071,0,0.0,0,0,0.0,0,0,0.0,0,0.0,0,3,False,False,False,False,0,False,0.8760611447412261,W1_moderate,R0_below_event_threshold,P95_extreme,weak_or_no_response
2019-09-13,15.502819061279297,CHIRPS-2.0-global-daily-tif-p05-crop,98.66454315185548,99.18871307373048,30.327224731445312,30.84276580810547,1,1,1,0,23.7369384765625,3.0,42.80488324165344,6.0,84.99986344575882,11.0,140.9076319038868,18.0,199.95298805832863,25.0,284.4227063655853,34.0,9.0,4.0,2.0,17.0,8.0,4.0,53.94477939605713,94.21575528383255,142.59069874882698,19.76922106742859,23.01314404606819,49.4817685931921,86.58675453811884,1.6263787260145146,2019-09-06,2019-09-19,14,81.32084634900093,15.502819061279297,E072,0,0.0,0,0,0.0,0,228,0.17457886676875958,309,0.17457886676875958,228,15,False,False,True,True,15,True,0.8976497345311,W2_wet,R2_moderate,P90_heavy,delayed_trigger
2019-09-23,21.11966133117676,CHIRPS-2.0-global-daily-tif-p05-crop,98.66454315185548,99.18871307373048,30.327224731445312,30.84276580810547,1,1,1,1,2.290616512298584,1.0,16.17010048031807,4.0,67.87115886807442,11.0,141.96155723929405,20.0,181.71421152353287,25.0,252.34663435816765,34.0,9.0,4.0,1.0,16.0,6.0,3.0,59.008978605270386,104.61023157835007,176.0979045033455,2.966029167175293,13.898847535252575,36.71054694801569,40.70426116138697,1.856231978206646,2019-09-16,2019-09-29,14,51.188609346747405,21.11966133117676,E073,0,0.0,0,228,0.17457886676875958,309,228,0.17457886676875958,309,0.17457886676875958,228,7,False,True,True,True,7,False,0.811728020957557,W1_moderate,R2_moderate,P95_extreme,moderate_trigger
2019-10-06,16.04014778137207,CHIRPS-2.0-global-daily-tif-p05-crop,98.66454315185548,99.18871307373048,30.327224731445312,30.84276580810547,1,1,1,0,3.508275978267193,1.0,15.027334563434128,2.0,41.49595911055803,5.0,122.81680545955896,17.0,190.02833668142557,25.0,232.42418815940619,30.0,8.0,3.0,1.0,15.0,6.0,3.0,59.008978605270386,104.61023157835007,176.0979045033455,5.267198950052261,6.037503600120548,6.578432112932205,26.53756183758378,1.3615291773898415,2019-09-29,2019-10-13,15,37.10498594492674,16.04014778137207,E074,0,0.0,0,0,0.0,0,0,0.0,0,0.0,0,3,False,False,False,False,0,False,0.669532513486878,W1_moderate,R0_below_event_threshold,P90_heavy,weak_or_no_response
2019-10-26,11.165932655334473,CHIRPS-2.0-global-daily-tif-p05-crop,98.66454315185548,99.18871307373048,30.327224731445312,30.84276580810547,1,1,0,0,4.764828741550446,1.0,4.91423720121384,1.0,5.422063052654266,1.0,42.50306073576212,6.0,115.84342045336963,17.0,208.55030847340822,28.0,2.0,1.0,0.0,12.0,6.0,2.0,35.018508866429336,69.31990149617195,163.5356567800045,0.0,4.02836832776666,4.028368327766657,7.202313118847087,0.7868778188389878,2019-10-21,2019-10-31,11,20.108538184314966,11.165932655334473,E075,0,0.0,0,0,0.0,0,0,0.0,0,0.0,0,3,False,False,False,False,0,False,0.39201614335732105,W1_moderate,R0_below_event_threshold,P75_moderate,weak_or_no_response
2020-04-21,7.217373847961426,CHIRPS-2.0-global-daily-tif-p05-crop,98.66454315185548,99.18871307373048,30.327224731445312,30.84276580810547,1,1,0,0,0.068706139922142,0.0,1.800303500145677,0.0,13.114467840641737,3.0,23.232841413468122,8.0,26.092045832425356,10.0,28.94420652044937,10.0,0.0,0.0,0.0,0.0,0.0,0.0,11.879901707172397,19.180644810199738,25.88124120235443,9.289199650287628,14.523936331272129,23.692265212535858,58.121103804558516,0.4452810958766767,2020-04-14,2020-04-28,15,23.541613679379225,7.217373847961426,E076,0,0.0,0,0,0.0,0,0,0.0,0,0.0,0,3,False,False,False,False,0,False,0.0,W0_dry,R0_below_event_threshold,P75_moderate,weak_or_no_response
2020-04-29,6.915555477142334,CHIRPS-2.0-global-daily-tif-p05-crop,98.66454315185548,99.18871307373048,30.327224731445312,30.84276580810547,1,1,0,0,4.035300731658936,1.0,14.523936331272129,4.0,23.541613679379225,5.0,42.6770531386137,12.0,47.83335601165891,15.0,49.55652882857248,15.0,2.0,0.0,0.0,2.0,0.0,0.0,17.77471558749676,24.15669498965144,42.6770531386137,1.335925817489624,2.2527734041214025,11.51578662917018,69.44579481706023,0.42666019335103045,2020-04-22,2020-05-04,13,23.692265212535858,7.090512752532959,E077,0,0.0,0,0,0.0,0,0,0.0,0,0.0,0,3,False,False,False,False,0,False,0.016891137425143542,W0_dry,R0_below_event_threshold,P75_moderate,weak_or_no_response
2020-05-16,14.311872482299805,CHIRPS-2.0-global-daily-tif-p05-crop,98.66454315185548,99.18871307373048,30.327224731445312,30.84276580810547,1,1,1,0,13.89022946357727,3.0,15.102177482098345,4.0,16.019025068730116,4.0,46.87241938337684,11.0,65.35999443754554,17.0,71.9617638848722,21.0,3.0,0.0,0.0,3.0,0.0,0.0,20.537737250328068,30.909639060497284,49.592608615756035,0.0,9.947750806808475,37.77897144854069,65.41125573217869,0.882981316641334,2020-05-10,2020-05-23,14,39.36180077120662,14.311872482299805,E078,0,0.0,0,0,0.0,0,454,0.34762633996937214,890,0.34762633996937214,454,15,False,False,True,True,15,True,0.0,W0_dry,R3_strong,P90_heavy,delayed_trigger
2020-05-27,19.665611267089844,CHIRPS-2.0-global-daily-tif-p05-crop,98.66454315185548,99.18871307373048,30.327224731445312,30.84276580810547,1,1,1,1,8.165609374642372,2.0,18.113360181450847,5.0,46.347118612378836,9.0,60.73103975877166,13.0,83.25017509609461,18.0,99.37279216572642,24.0,2.0,1.0,0.0,4.0,1.0,0.0,29.41404996439815,46.347118612378836,61.18429186567664,0.0,9.612086653709415,20.04131257534027,56.44970787316561,1.2132841003612216,2020-05-21,2020-06-03,14,47.3910581022501,19.665611267089844,E079,0,0.0,0,0,0.0,0,0,0.0,0,0.0,0,3,False,False,False,False,0,False,0.11078035791082119,W0_dry,R0_below_event_threshold,P95_extreme,weak_or_no_response
2020-06-30,13.337618827819824,CHIRPS-2.0-global-daily-tif-p05-crop,98.66454315185548,99.18871307373048,30.327224731445312,30.84276580810547,1,1,1,0,16.892853021621704,3.0,33.5675003528595,5.0,46.8874601200223,9.0,73.34256089478731,19.0,125.4334048256278,26.0,141.45242989435792,30.0,3.0,0.0,0.0,5.0,2.0,1.0,33.5675003528595,49.495129242539406,86.02238596975803,10.104148626327515,41.34588813781738,118.14758253097534,250.89797949790955,0.8228740332904464,2020-06-25,2020-07-07,13,88.2510073184967,13.337618827819824,E080,0,0.0,0,0,0.0,0,0,0.0,0,0.0,0,3,False,False,False,False,0,False,0.21812403743158731,W1_moderate,R0_below_event_threshold,P90_heavy,weak_or_no_response
2020-07-09,10.148069381713867,CHIRPS-2.0-global-daily-tif-p05-crop,98.66454315185548,99.18871307373048,30.327224731445312,30.84276580810547,1,1,0,0,21.261773347854614,3.0,51.81153869628906,7.0,98.71665787696838,13.0,120.15814877301455,21.0,162.4129380211234,29.0,205.68473983183503,38.0,9.0,1.0,0.0,11.0,3.0,1.0,51.81153869628906,98.71665787696838,120.15814877301455,35.23847484588623,62.987690925598145,142.74713921546936,228.12619805335999,0.8812980303414539,2020-07-02,2020-07-16,15,124.94729900360107,23.27053451538086,E081,0,0.0,0,0,0.0,0,375,0.2871362940275651,738,0.2871362940275651,375,15,False,False,True,True,15,True,0.6291053715896789,W1_moderate,R2_moderate,P75_moderate,delayed_trigger
2020-07-19,26.405487060546875,CHIRPS-2.0-global-daily-tif-p05-crop,98.66454315185548,99.18871307373048,30.327224731445312,30.84276580810547,1,1,1,1,14.04927945137024,3.0,58.26931357383728,7.0,122.09271335601807,15.0,186.55384303629398,25.0,209.2649550512433,34.0,256.6560131534934,43.0,14.0,2.0,1.0,15.0,3.0,2.0,68.76763963699341,126.87892580032349,186.55384303629398,28.734022617340088,51.254244804382324,113.43638706207275,213.05065944045782,2.4439465738212274,2020-07-12,2020-07-25,14,135.92904543876648,26.405487060546875,E082,0,0.0,0,375,0.2871362940275651,738,375,0.2871362940275651,738,0.2871362940275651,375,7,False,True,True,True,7,False,1.007302459347025,W2_wet,R2_moderate,P95_extreme,moderate_trigger
2020-07-31,21.140756607055664,CHIRPS-2.0-global-daily-tif-p05-crop,98.66454315185548,99.18871307373048,30.327224731445312,30.84276580810547,1,1,1,1,34.43184757232666,3.0,54.123658657073975,6.0,132.7503969669342,14.0,250.89797949790955,28.0,309.9458749368787,37.0,337.5781592205167,48.0,19.0,3.0,3.0,23.0,4.0,3.0,77.6597318649292,145.99048352241516,261.2636830806732,0.0,9.976107120513916,87.3622784614563,128.8597221672535,2.7818533776867493,2020-07-24,2020-08-07,15,85.24052238464355,21.140756607055664,E083,0,0.0,0,0,0.0,0,0,0.0,0,0.0,0,3,False,False,False,False,0,False,1.4174174080619133,W3_very_wet,R0_below_event_threshold,P95_extreme,weak_or_no_response
2020-08-14,18.661556243896484,CHIRPS-2.0-global-daily-tif-p05-crop,98.66454315185548,99.18871307373048,30.327224731445312,30.84276580810547,1,1,1,1,23.77681064605713,2.0,52.11348581314087,5.0,82.04632329940796,8.0,219.85885977745056,22.0,343.3100063800812,36.0,390.1974665001035,45.0,16.0,5.0,3.0,28.0,7.0,4.0,77.6597318649292,147.09143710136414,272.0387361049652,23.01906468719244,23.01906468719244,52.14822544902563,107.5253535322845,2.659174916346394,2020-08-07,2020-08-17,11,93.7941067442298,18.661556243896484,E084,0,0.0,0,0,0.0,0,0,0.0,0,0.0,0,3,False,False,False,False,0,False,1.3580659744129835,W3_very_wet,R0_below_event_threshold,P95_extreme,weak_or_no_response
2020-08-23,6.611212253570557,CHIRPS-2.0-global-daily-tif-p05-crop,98.66454315185548,99.18871307373048,30.327224731445312,30.84276580810547,1,1,0,0,1.033626914024353,1.0,13.285620830953121,2.0,90.6717921718955,8.0,175.91231455653906,17.0,320.87509670108557,32.0,419.59175457805395,45.0,12.0,6.0,3.0,31.0,9.0,5.0,80.54334545135498,147.09143710136414,272.0387361049652,0.0,21.600610621273518,45.18889494612813,123.1055897064507,1.786358963258081,2020-08-16,2020-08-30,15,41.497443705797195,12.146099090576172,E085,0,0.0,0,0,0.0,0,0,0.0,0,0.0,0,3,False,False,False,False,0,False,1.3772786485924855,W3_very_wet,R0_below_event_threshold,P75_moderate,weak_or_no_response
2020-09-05,5.93642520904541,CHIRPS-2.0-global-daily-tif-p05-crop,98.66454315185548,99.18871307373048,30.327224731445312,30.84276580810547,1,0,0,0,9.940517853945494,2.0,20.85970278456807,4.0,40.31501920893788,8.0,139.92929158732295,17.0,234.89441619440913,26.0,373.63812766596675,41.0,10.0,4.0,1.0,26.0,8.0,5.0,80.54334545135498,103.87169599533081,242.62337493896484,13.53385591506958,37.25673961639404,82.49857223033905,119.33012074232101,1.371445400684619,2020-08-29,2020-09-12,15,64.05286761000752,9.67384433746338,E086,0,0.0,0,0,0.0,0,0,0.0,0,0.0,0,3,False,False,False,False,0,False,1.0217147507862532,W2_wet,R0_below_event_threshold,below_P75_wet_background,weak_or_no_response
2020-09-15,17.914634704589844,CHIRPS-2.0-global-daily-tif-p05-crop,98.66454315185548,99.18871307373048,30.327224731445312,30.84276580810547,1,1,1,1,14.154723405838013,2.0,40.327049016952515,6.0,63.91533334180713,12.0,105.41277704760432,18.0,192.77505550906062,26.0,339.86649261042476,40.0,8.0,1.0,0.0,24.0,7.0,4.0,80.54334545135498,99.61427237838507,242.62337493896484,14.278677225112917,19.675011038780212,48.460793256759644,60.784284606575966,1.7917442004268496,2020-09-08,2020-09-22,15,77.91669476032257,17.914634704589844,E087,0,0.0,0,280,0.21439509954058192,542,280,0.21439509954058192,542,0.21439509954058192,280,7,False,True,True,True,7,False,0.9524515597730485,W2_wet,R2_moderate,P95_extreme,moderate_trigger
2020-09-25,12.800082206726074,CHIRPS-2.0-global-daily-tif-p05-crop,98.66454315185548,99.18871307373048,30.327224731445312,30.84276580810547,1,1,1,0,16.329665541648865,3.0,21.444151163101196,6.0,79.37490773200989,13.0,137.4348430223763,24.0,210.53711376711726,31.0,306.8760968260467,40.0,9.0,2.0,1.0,21.0,8.0,4.0,55.487921476364136,93.20646166801453,162.8317157253623,0.2167826890945434,2.231606364250183,13.817790448665619,22.007639959454536,1.5262733192701903,2020-09-18,2020-10-01,14,36.475839734077454,13.234578132629396,E088,0,0.0,0,0,0.0,0,0,0.0,0,0.0,0,3,False,False,False,False,0,False,0.9306307518338531,W2_wet,R0_below_event_threshold,P90_heavy,weak_or_no_response
2020-10-06,6.115989685058594,CHIRPS-2.0-global-daily-tif-p05-crop,98.66454315185548,99.18871307373048,30.327224731445312,30.84276580810547,1,0,0,0,5.470194399356842,2.0,7.485018074512482,3.0,36.831548511981964,7.0,119.33012074232101,21.0,165.5815651603043,30.0,259.3756719045341,38.0,8.0,3.0,1.0,18.0,7.0,2.0,55.487921476364136,93.20646166801453,150.23492522910237,0.0,0.1621475964784622,6.186143949627876,16.175276279449463,0.8329916178365102,2020-09-30,2020-10-12,13,13.763155356049538,6.115989685058594,E089,0,0.0,0,0,0.0,0,0,0.0,0,0.0,0,3,False,False,False,False,0,False,0.6632426029745789,W1_moderate,R0_below_event_threshold,below_P75_wet_background,weak_or_no_response
2020-10-27,6.963385105133057,CHIRPS-2.0-global-daily-tif-p05-crop,98.66454315185548,99.18871307373048,30.327224731445312,30.84276580810547,1,1,0,0,1.8322393298149109,1.0,8.421053528785706,2.0,8.583201125264168,2.0,22.400991573929787,6.0,101.27469624578953,18.0,165.92923364415765,30.0,0.0,0.0,0.0,9.0,3.0,1.0,29.346530437469482,74.37158036231995,138.42444797232747,0.3127440363168715,0.6286900490522382,2.1163641065359116,2.162591606378555,0.4296110768185812,2020-10-20,2020-10-31,12,16.013128682971,6.963385105133057,E090,0,0.0,0,0,0.0,0,0,0.0,0,0.0,0,3,False,False,False,False,0,False,0.21916346404932296,W1_moderate,R0_below_event_threshold,P75_moderate,weak_or_no_response
2021-05-02,8.100415229797363,CHIRPS-2.0-global-daily-tif-p05-crop,98.66454315185548,99.18871307373048,30.327224731445312,30.84276580810547,1,1,0,0,0.0325619839131832,0.0,7.131696905940771,2.0,7.159725299105048,2.0,14.10995240882039,6.0,16.793623480945826,7.0,23.394915860146284,11.0,0.0,0.0,0.0,0.0,0.0,0.0,7.131696905940771,10.557991052046418,15.611987464129925,12.940446376800535,25.361806988716125,62.508549913764,80.21119027584791,0.4997609721435023,2021-04-25,2021-05-09,15,40.59391912445426,10.08084201812744,E091,0,0.0,0,0,0.0,0,0,0.0,0,0.0,0,3,False,False,False,False,0,False,0.0,W0_dry,R0_below_event_threshold,P75_moderate,weak_or_no_response
2021-05-11,12.882153511047363,CHIRPS-2.0-global-daily-tif-p05-crop,98.66454315185548,99.18871307373048,30.327224731445312,30.84276580810547,1,1,1,0,12.578607678413391,2.0,32.55090939998627,5.0,47.200914707034826,8.0,54.83965443633497,12.0,58.42092915251851,14.0,62.82874335721135,15.0,4.0,0.0,0.0,4.0,0.0,0.0,32.55090939998627,47.200914707034826,54.83965443633497,14.950431928038597,14.950431928038597,24.747630700469017,57.20399110764265,0.7947737713865208,2021-05-04,2021-05-14,11,60.38349483907223,12.882153511047363,E092,0,0.0,0,0,0.0,0,177,0.13552833078101073,272,0.13552833078101073,177,15,False,False,True,True,15,True,0.10053627364840267,W0_dry,R2_moderate,P90_heavy,delayed_trigger
2021-05-30,7.566640377044678,CHIRPS-2.0-global-daily-tif-p05-crop,98.66454315185548,99.18871307373048,30.327224731445312,30.84276580810547,1,1,0,0,0.2490099221467971,0.0,0.2490099221467971,0.0,10.046208694577217,3.0,80.68773582205176,13.0,89.86012785695493,16.0,94.76512624695897,19.0,6.0,1.0,0.0,6.0,1.0,0.0,46.23723661899567,70.64152712747455,87.56588921509683,0.089791290462017,9.331466667354107,34.42346182465553,98.59943673014641,0.46682934681938787,2021-05-28,2021-06-06,10,17.147116966545582,9.24167537689209,E093,0,0.0,0,0,0.0,0,0,0.0,0,0.0,0,3,False,False,False,False,0,False,0.0815629868990396,W0_dry,R0_below_event_threshold,P75_moderate,weak_or_no_response
2021-06-08,13.282917022705078,CHIRPS-2.0-global-daily-tif-p05-crop,98.66454315185548,99.18871307373048,30.327224731445312,30.84276580810547,1,1,1,0,11.268001794815063,2.0,11.35779308527708,2.0,19.173443384468555,3.0,68.55143206566572,11.0,106.71130420640111,18.0,112.82035376690328,22.0,5.0,1.0,0.0,8.0,1.0,0.0,46.23723661899567,70.64152712747455,88.25437619909644,2.749752759933472,9.854909934103489,37.49288836866617,138.54791250824928,0.8194991658883918,2021-06-01,2021-06-15,15,34.49562004208565,13.282917022705078,E094,0,0.0,0,0,0.0,0,0,0.0,0,0.0,0,3,False,False,False,False,0,False,0.06879760793382676,W0_dry,R0_below_event_threshold,P90_heavy,weak_or_no_response
2021-06-17,10.330138206481934,CHIRPS-2.0-global-daily-tif-p05-crop,98.66454315185548,99.18871307373048,30.327224731445312,30.84276580810547,1,1,0,0,0.1170428171753882,0.0,9.854909934103489,2.0,34.40582875162363,5.0,52.10846911370754,9.0,114.61701902747154,18.0,129.87715955637395,21.0,4.0,1.0,0.0,10.0,2.0,0.0,34.28878593444824,64.9180548042059,88.25437619909644,0.8208621740341187,26.55342948436737,66.09527003020048,163.84992807358503,0.6373253427129922,2021-06-11,2021-06-24,14,46.73847762495279,10.330138206481934,E095,0,0.0,0,0,0.0,0,0,0.0,0,0.0,0,3,False,False,False,False,0,False,0.12571342183143297,W0_dry,R0_below_event_threshold,P75_moderate,weak_or_no_response
2021-06-26,11.67314910888672,CHIRPS-2.0-global-daily-tif-p05-crop,98.66454315185548,99.18871307373048,30.327224731445312,30.84276580810547,1,1,0,0,18.842124938964844,3.0,31.75023889541626,5.0,52.7561492100358,8.0,85.21250961720943,12.0,109.96014031767845,17.0,165.6512355171144,25.0,7.0,1.0,0.0,13.0,2.0,0.0,34.28878593444824,52.7561492100358,88.25437619909644,9.52942830324173,29.06845711916685,93.0922465249896,142.50848845392466,0.720183370992356,2021-06-21,2021-07-03,13,72.49184512346983,11.67314910888672,E096,0,0.0,0,0,0.0,0,0,0.0,0,0.0,0,3,False,False,False,False,0,False,0.2912894697570486,W1_moderate,R0_below_event_threshold,P75_moderate,weak_or_no_response
2021-07-09,17.26207733154297,CHIRPS-2.0-global-daily-tif-p05-crop,98.66454315185548,99.18871307373048,30.327224731445312,30.84276580810547,1,1,1,1,28.167810916900635,3.0,52.36491125077009,6.0,101.05502413958311,13.0,138.54791250824928,19.0,171.00427291542292,23.0,217.9482146129012,30.0,11.0,1.0,0.0,17.0,3.0,0.0,52.36491125077009,101.05502413958311,138.54791250824928,1.711555004119873,27.560922026634216,29.63392524421215,58.747604712843895,1.4681256619112075,2021-07-02,2021-07-16,15,97.18791060894728,17.26207733154297,E097,0,0.0,0,0,0.0,0,584,0.44716692189892804,925,0.44716692189892804,584,15,False,False,True,True,15,True,0.7194520207446764,W1_moderate,R3_strong,P95_extreme,delayed_trigger
2021-07-26,21.493871688842773,CHIRPS-2.0-global-daily-tif-p05-crop,98.66454315185548,99.18871307373048,30.327224731445312,30.84276580810547,1,1,1,1,0.0,0.0,1.2548487186431885,0.0,27.922370240092278,4.0,132.6877658739686,17.0,185.4439150840044,25.0,217.90027549117804,29.0,10.0,3.0,1.0,17.0,4.0,1.0,69.52967166900635,109.07151221483946,173.51600193232298,0.0,0.3092997670173645,29.711654245853424,174.99634844064713,1.6968099150634075,2021-07-20,2021-08-02,14,23.058020174503326,21.493871688842773,E098,0,0.0,0,0,0.0,0,0,0.0,0,0.0,0,3,False,False,False,False,0,False,0.5732382666961442,W1_moderate,R0_below_event_threshold,P95_extreme,weak_or_no_response
2021-08-09,9.707538604736328,CHIRPS-2.0-global-daily-tif-p05-crop,98.66454315185548,99.18871307373048,30.327224731445312,30.84276580810547,1,1,0,0,7.3105080127716064,1.0,7.619807779788971,1.0,29.113679468631744,2.0,58.747604712843895,7.0,167.81911692768335,20.0,214.55759455263615,27.0,4.0,2.0,1.0,16.0,4.0,2.0,64.02378940582275,104.76539563387632,173.51600193232298,45.24795436859131,70.13903951644897,144.5146107673645,227.45137816667557,0.7198387283398366,2021-08-02,2021-08-16,15,87.46638590097427,18.065570831298828,E099,0,0.0,0,0,0.0,0,0,0.0,0,0.0,0,3,False,False,False,False,0,False,0.4125027015010415,W1_moderate,R0_below_event_threshold,P75_moderate,weak_or_no_response
2021-08-17,16.285444259643555,CHIRPS-2.0-global-daily-tif-p05-crop,98.66454315185548,99.18871307373048,30.327224731445312,30.84276580810547,1,1,1,1,16.254268169403076,3.0,70.13903951644897,7.0,87.46638590097427,9.0,110.369196459651,10.0,208.12385450303555,22.0,274.219124533236,32.0,8.0,4.0,2.0,20.0,7.0,3.0,74.10933923721313,90.69131092727184,164.0386758223176,22.97022247314453,58.09012699127197,103.64095777273178,150.15993005037308,1.4678172136493537,2021-08-10,2021-08-24,15,144.5146107673645,18.065570831298828,E100,0,0.0,0,0,0.0,0,0,0.0,0,0.0,0,3,False,False,False,False,0,False,0.8342368651968496,W1_moderate,R0_below_event_threshold,P95_extreme,weak_or_no_response
2021-08-25,13.154391288757324,CHIRPS-2.0-global-daily-tif-p05-crop,98.66454315185548,99.18871307373048,30.327224731445312,30.84276580810547,1,1,1,0,25.397798538208008,3.0,58.09012699127197,7.0,144.5146107673645,15.0,183.33582884073257,18.0,211.25819908082485,22.0,316.0235947147012,35.0,14.0,6.0,3.0,24.0,9.0,4.0,74.10933923721313,149.81545734405518,183.33582884073257,15.417936325073244,32.396439492702484,69.78237611055374,93.40329855680466,1.8354024055926144,2021-08-18,2021-09-01,15,103.64095777273178,14.186155319213867,E101,0,0.0,0,0,0.0,0,0,0.0,0,0.0,0,3,False,False,False,False,0,False,1.2977600760615133,W3_very_wet,R0_below_event_threshold,P90_heavy,weak_or_no_response
2021-09-03,13.271350860595703,CHIRPS-2.0-global-daily-tif-p05-crop,98.66454315185548,99.18871307373048,30.327224731445312,30.84276580810547,1,1,1,0,8.186193704605103,2.0,30.719440042972565,5.0,96.21687680482864,13.0,207.8821797966957,24.0,230.94019997119904,25.0,312.13058392703533,35.0,16.0,6.0,2.0,23.0,10.0,4.0,74.10933923721313,149.81545734405518,207.8821797966957,23.31589412689209,29.464849948883057,44.77040994167328,46.98999658972025,1.96269787080543,2021-08-27,2021-09-10,15,73.45564085245132,13.271350860595703,E102,0,0.0,0,0,0.0,0,259,0.19831546707503828,377,0.19831546707503828,259,15,False,False,True,True,15,True,1.270875425737772,W3_very_wet,R2_moderate,P90_heavy,delayed_trigger
2021-09-17,11.189577102661133,CHIRPS-2.0-global-daily-tif-p05-crop,98.66454315185548,99.18871307373048,30.327224731445312,30.84276580810547,1,1,0,0,0.0,0.0,9.133035659790039,2.0,46.518972277641296,6.0,150.15993005037308,20.0,253.60246044397354,30.0,276.66048061847687,31.0,12.0,3.0,0.0,21.0,8.0,3.0,68.90116691589355,149.81545734405518,243.96386796236038,1.131903052330017,3.2983096837997437,3.3514897003769875,4.109951160848141,1.3814964419340938,2021-09-10,2021-09-24,15,23.620922446250916,11.189577102661133,E103,259,0.19831546707503828,377,259,0.19831546707503828,377,259,0.19831546707503828,377,0.19831546707503828,259,3,True,True,True,True,3,False,0.9601041351474375,W2_wet,R2_moderate,P75_moderate,moderate_trigger
2021-10-19,28.500932693481445,CHIRPS-2.0-global-daily-tif-p05-crop,98.66454315185548,99.18871307373048,30.327224731445312,30.84276580810547,1,1,1,1,0.1060805171728134,0.0,0.1060805171728134,0.0,0.7584614604711531,0.0,2.9780481085181236,1.0,47.7484580501914,8.0,147.25654312223196,21.0,0.0,0.0,0.0,11.0,3.0,0.0,15.018432974815369,33.24229371547699,139.5111877322197,0.9708001911640167,0.9708001911640167,2.899411588907242,3.413462000899017,1.7583856414539785,2021-10-16,2021-10-21,6,29.577813401818275,28.500932693481445,E104,0,0.0,0,0,0.0,0,0,0.0,0,0.0,0,3,False,False,False,False,0,False,0.20079508720587044,W0_dry,R0_below_event_threshold,P95_extreme,weak_or_no_response
2022-04-04,11.988094329833984,CHIRPS-2.0-global-daily-tif-p05-crop,98.66454315185548,99.18871307373048,30.327224731445312,30.84276580810547,1,1,0,0,13.181957244873047,2.0,21.439363829791546,3.0,21.439363829791546,3.0,24.96923065930605,4.0,26.8745893612504,4.0,26.991766894236207,4.0,2.0,0.0,0.0,2.0,0.0,0.0,21.439363829791546,21.439363829791546,24.96923065930605,6.941328048706055,17.223281741142273,40.52395882457495,56.94427197333425,0.7396141440240357,2022-03-30,2022-04-11,13,50.6507399007678,11.988094329833984,E105,0,0.0,0,0,0.0,0,0,0.0,0,0.0,0,3,False,False,False,False,0,False,0.010587321037122094,W0_dry,R0_below_event_threshold,P75_moderate,weak_or_no_response
2022-04-16,8.37993335723877,CHIRPS-2.0-global-daily-tif-p05-crop,98.66454315185548,99.18871307373048,30.327224731445312,30.84276580810547,1,1,0,0,9.971809595823288,2.0,21.02258762717247,5.0,56.33355650305748,10.0,64.78519732505083,11.0,68.12082991749048,12.0,70.02618861943483,12.0,4.0,0.0,0.0,4.0,0.0,0.0,40.14540468901396,64.19077861309052,67.45190224796534,0.9805205389857292,0.9805205389857292,8.845134458504617,26.24610678013414,0.5170060450365548,2022-04-09,2022-04-19,11,30.38304152339697,8.37993335723877,E106,0,0.0,0,0,0.0,0,0,0.0,0,0.0,0,3,False,False,False,False,0,False,0.1495370058346937,W0_dry,R0_below_event_threshold,P75_moderate,weak_or_no_response
2022-05-03,6.998968601226807,CHIRPS-2.0-global-daily-tif-p05-crop,98.66454315185548,99.18871307373048,30.327224731445312,30.84276580810547,1,1,0,0,3.4690797328948975,2.0,6.405414300970733,3.0,9.78559525962919,4.0,72.46478789206594,14.0,83.37276153173298,16.0,86.90262836124748,17.0,4.0,0.0,0.0,5.0,0.0,0.0,40.14540468901396,64.19077861309052,79.82468669768423,0.0620916411280632,5.134343400597572,16.54253490269184,54.376426711678505,0.4318064263279078,2022-04-27,2022-05-10,14,18.538726302795112,6.998968601226807,E107,0,0.0,0,0,0.0,0,0,0.0,0,0.0,0,3,False,False,False,False,0,False,0.0510065425442197,W0_dry,R0_below_event_threshold,P75_moderate,weak_or_no_response
2022-05-17,7.697261810302734,CHIRPS-2.0-global-daily-tif-p05-crop,98.66454315185548,99.18871307373048,30.327224731445312,30.84276580810547,1,1,0,0,3.2102601528167725,1.0,8.690840542316437,2.0,17.400972321629524,4.0,26.24610678013414,7.0,88.30902958568186,17.0,99.21700322534889,19.0,1.0,0.0,0.0,6.0,0.0,0.0,27.04187175631523,62.67919263243675,79.82468669768423,0.2715274095535278,6.078813672065735,37.34621345996857,179.06875393912196,0.474888130550337,2022-05-10,2022-05-21,12,22.466916024684906,7.697261810302734,E108,0,0.0,0,0,0.0,0,0,0.0,0,0.0,0,3,False,False,False,False,0,False,0.0,W0_dry,R0_below_event_threshold,P75_moderate,weak_or_no_response
2022-05-26,11.747215270996094,CHIRPS-2.0-global-daily-tif-p05-crop,98.66454315185548,99.18871307373048,30.327224731445312,30.84276580810547,1,1,0,0,0.0,0.0,6.078813672065735,1.0,17.487005174160004,3.0,36.025731476955116,8.0,66.4477841919288,14.0,112.99307870771736,21.0,2.0,0.0,0.0,7.0,0.0,0.0,16.31849753856659,26.31660732999444,79.82468669768423,14.655926704406738,20.007862865924835,91.95565352961421,201.27743576094508,0.724752936394702,2022-05-19,2022-06-02,15,37.833891808986664,11.747215270996094,E109,0,0.0,0,0,0.0,0,0,0.0,0,0.0,0,3,False,False,False,False,0,False,0.00887705231392929,W0_dry,R0_below_event_threshold,P75_moderate,weak_or_no_response
2022-06-07,18.42634010314941,CHIRPS-2.0-global-daily-tif-p05-crop,98.66454315185548,99.18871307373048,30.327224731445312,30.84276580810547,1,1,1,1,25.50999430939555,2.0,32.01233945414424,4.0,58.41548142954707,8.0,80.97473836317658,12.0,97.45714315306395,17.0,131.03977392893285,24.0,4.0,1.0,0.0,6.0,1.0,0.0,32.01233945414424,58.41548142954707,80.97473836317658,26.86104726791382,47.894809484481804,117.50168401002884,138.41019490361214,1.1368263702238772,2022-05-31,2022-06-14,15,98.33348904177547,18.42634010314941,E110,0,0.0,0,0,0.0,0,0,0.0,0,0.0,0,3,False,False,False,False,0,False,0.221201224711609,W1_moderate,R0_below_event_threshold,P95_extreme,weak_or_no_response
2022-06-15,33.17451095581055,CHIRPS-2.0-global-daily-tif-p05-crop,98.66454315185548,99.18871307373048,30.327224731445312,30.84276580810547,1,1,1,1,3.23000168800354,2.0,47.894809484481804,6.0,98.33348904177547,11.0,141.0551285557449,18.0,155.9136788211763,21.0,173.13874663691968,25.0,8.0,4.0,2.0,10.0,4.0,2.0,88.55091428756714,104.72215114161372,141.0551285557449,17.891054093837738,36.43236356973648,57.34087446331978,68.72833205014467,2.329766739830613,2022-06-08,2022-06-22,15,117.50168401002884,33.17451095581055,E111,0,0.0,0,0,0.0,0,0,0.0,0,0.0,0,3,False,False,False,False,0,False,0.7010676478384779,W1_moderate,R0_below_event_threshold,P95_extreme,weak_or_no_response
2022-06-25,14.649214744567873,CHIRPS-2.0-global-daily-tif-p05-crop,98.66454315185548,99.18871307373048,30.327224731445312,30.84276580810547,1,1,1,0,10.52449780702591,2.0,23.49170219898224,4.0,99.87636530399323,11.0,198.3754362873733,22.0,215.8624414615333,25.0,234.40116776432842,30.0,11.0,6.0,3.0,13.0,6.0,3.0,88.55091428756714,143.88897424936295,198.3754362873733,1.5213844776153564,2.227365404367447,2.7915078699588776,44.661694906651974,1.6986488379705564,2022-06-18,2022-06-30,13,40.36828234791756,14.649214744567873,E112,0,0.0,0,0,0.0,0,0,0.0,0,0.0,0,3,False,False,False,False,0,False,1.0474480458944226,W2_wet,R0_below_event_threshold,P90_heavy,weak_or_no_response
2022-07-12,9.195316314697266,CHIRPS-2.0-global-daily-tif-p05-crop,98.66454315185548,99.18871307373048,30.327224731445312,30.84276580810547,1,1,0,0,2.1412161588668823,1.0,2.1412161588668823,1.0,4.368581563234329,2.0,95.88660326600075,12.0,200.60875440761447,23.0,234.37956823036075,28.0,5.0,3.0,1.0,13.0,7.0,3.0,79.24997282028198,143.88897424936295,201.27743576094508,0.050925113260746,12.98708116263151,31.09779702872038,0.0,0.7986490634884007,2022-07-10,2022-07-18,9,24.32361363619566,12.768265724182127,E113,0,0.0,0,0,0.0,0,0,0.0,0,0.0,0,3,False,False,False,False,0,False,0.6122142462751498,W1_moderate,R0_below_event_threshold,P75_moderate,weak_or_no_response
2022-07-21,18.110715866088867,CHIRPS-2.0-global-daily-tif-p05-crop,98.66454315185548,99.18871307373048,30.327224731445312,30.84276580810547,1,1,1,1,12.768265724182127,1.0,12.936156049370764,1.0,24.32361363619566,3.0,61.869831286370754,8.0,197.3189735636115,20.0,239.57563007250428,27.0,5.0,2.0,0.0,14.0,8.0,3.0,63.1143074631691,129.43545705080032,201.27743576094508,0.0,0.0,0.0,0.0,1.333805038207573,2022-07-17,2022-07-21,5,31.046871915459633,18.110715866088867,E114,0,0.0,0,0,0.0,0,0,0.0,0,0.0,0,3,False,False,False,False,0,False,0.5916968966444001,W1_moderate,R0_below_event_threshold,P95_extreme,weak_or_no_response
